variable,count,mean,std,min,25%,50%,75%,max,original
dummy1,1000.0,0.00027770564468425596,0.010440882397514771,-0.0349794780879103,-0.0064235169934164,0.00046549381234635,0.0071309139290983495,0.0336400738769671,-0.0117709677502216
dummy2,1000.0,-0.0011068662077401684,0.01133736825579534,-0.0315785621891559,-0.008999382685717575,-0.0009218097451875,0.006613781047066725,0.0339113287292775,-0.0057322448434159
x1,1000.0,0.02501477195725397,3.2068997980255034,-9.06840331932869,-1.9896829634306479,-0.07467877462654779,2.0380916330207004,28.204588842737195,28.204588842737195
x2,1000.0,0.46713600366708763,8.006561354878695,-21.87175048177545,-5.070997647062324,0.42846221100512616,5.598698450444885,75.05052882275125,75.05052882275125
x3,1000.0,0.02795051288185877,1.8112962060958155,-6.229780433984702,-1.1363467477182998,-0.0742996527207698,1.2040814988715243,17.754140591864626,17.754140591864626
